Post URL,Comment
https://www.reddit.com/r/GangaJal/comments/p8oluv/welcome_to_rgangajal_please_read_the_rules_before/,"Feel free to post beauty of nature, people doing amazing things, cute, funny and wholesome images and videos."
https://www.reddit.com/gallery/1j402ub,Does this book say anything about washing away sins if you click a picture while taking a snan?
https://www.reddit.com/gallery/1j402ub,You don't need a book or religious text or even scientific research to know that. Common sense is more than enough.
https://www.reddit.com/gallery/1j402ub,"Even these are observations of people of that time. They are divided into Karm, Gyan and Bhakti. 

Bhakti marg has now made the problem of dedicating time on worship where pundits have created their own investment plans or fees for any activity.They even created religious texts which are just their views but are now forced on us. If we don't follow them then we are Adharmi.

The best reference at that time for gyan was the veds and doing shastrarth, tapa (hardwork to build skills or achieve something which others called vardan), . Now we have come to an age where we know most of the things and we can make an informed decision. 

If we go by Gyan or karma marg, we might have to revisit our religious documents and update the things that are not required , outdated or wrong."
https://www.reddit.com/gallery/1j402ub,"Speaking as a Hindu, there isn't enough money, political pressure, family pressure or religious indoctrination in the world that would make me go take a bath in the Ganga. Least of all, to atone for my sins.

If I have sinned, I have a responsibility to atone in the this life by being a better person. Correct my wrongs, do better next time.

The less said about the cleanliness of the water, the better. 

Good for those who believe - do what you want and believe that you're a better person with no signs because you dipped in a random water body in the middle of a tiny planet in a tiny solar system in a tiny galaxy, milky way among trillions and somehow that's the only one that God keeps a notebook of.

P.s. Applies to all crazy ass beliefs of all religions. So don't come at me with ""what about""ery, please.

Peace (and Science, y'all!)"
https://www.reddit.com/gallery/1j402ub,"Any sane and true paalak of Dharm can and will come to these same conclusions with or without a guru.


A shame that whole of Hidnuism has been corrupted by this Hidnutvadi Ideologies and woe be unto those misguided fools who claim to be dharmic but commit more sins than a nastik."
https://www.reddit.com/gallery/1j402ub,Nobody reads this. The party of choice decides what to believe.
https://www.reddit.com/gallery/1j402ub,Gov on their way banning the Purans now (cuz national security is at risk) /s
https://www.reddit.com/gallery/1j402ub,"It's perplexing that in today's world, people still heavily rely on ancient holy books to guide their actions and decisions in real life. This dependence raises questions about our progress as a society and whether we're truly evolving in our thinking."
https://www.reddit.com/gallery/1j402ub,Osho once said that reason of sins is thought and river Ganga washes body but can't wash thoughts.
https://www.reddit.com/gallery/1j402ub,"I beg to differ. It is based on the period it was written. Now if you take a dip, sin will stay 10 feet away from you until you clean yourself in clean water."
https://www.reddit.com/gallery/1j402ub,Puran is Anti-Indian
https://www.reddit.com/gallery/1j402ub,"This is awesome. I would love to learn about our culture and religion from a pure source, free from bias and manipulation. It is genuinely saddening that we even have to worry about such things but this is what turns the young generation off."
https://www.reddit.com/gallery/1j402ub,1.2 billion illiterates holy shit
https://www.reddit.com/gallery/1j402ub,Actually our real ved and puran clearly says that only that sins that you commited by mistake or unknowingly are washed away by bathing the ganga
https://www.reddit.com/gallery/1j402ub,"The passage is from 12th Adhyaya of 6th Skanda in Devibhagvata.

It's a good read. Apart from the section posted here, this story goes further, in depth in 7th Skanda, which has nice definition of father in relation to the story."
https://www.reddit.com/gallery/1j402ub,"Wow..... Whoever has  posted this is not a sanatani, he is just a post publicity seeker..."
https://www.reddit.com/gallery/1j402ub,Whether you believe in Purans or not ... Don't take bath in polluted water which can cause innumerable diseases. Work on yourself with common sense.
https://www.reddit.com/gallery/1j402ub,Bathing in that heavily polluted poor river with a thousand others would give you a tonne of infection though
https://www.reddit.com/gallery/1j402ub,I never understood the concept of redemption just by washing oneself off. Isn't it just someone's consciousness of one's reflection makes for what is right and what is wrong (i.e. sin).
https://www.reddit.com/gallery/1j402ub,Who cares about Puranas?
https://www.reddit.com/gallery/1j402ub,Ganga snaan is basically a cheat code according to Hinduism.
https://www.reddit.com/gallery/1j402ub,"Inhone kabhi ved puran pade hote toh iss desh ki ye halat hi nahi hoti. Sanatan Dharam ka sirf natak karne aate hai ye log, uska gyan inhone kabhi samjha hi nahi."
https://www.reddit.com/gallery/1j402ub,Politicians aur believers nahi manege
https://www.reddit.com/gallery/1j402ub,So you all know what govt is doing. Itâ€™s diverting the peopleâ€™s attention.
https://www.reddit.com/gallery/1j402ub,One has to utterly stupid to believe bathing in ganga will wash their sins. Bhagwaan tumko jaane denge esehi ? Hisaab toh sabka hoga.
https://www.reddit.com/gallery/1j402ub,Even the ones recording women bathing in Ganges know this...hence the shameful act!
https://www.reddit.com/gallery/1j402ub,Bhai yogi bolra kumbh ka paani drinking ke liye safe hai ye humko kya chomu samajhte hai
https://www.reddit.com/gallery/1j402ub,Why is op spamming some random poster of bageswar dham
https://www.reddit.com/gallery/1j402ub,https://preview.redd.it/pnhdy7h65xme1.png?width=1240&format=png&auto=webp&s=10d793fbaedad8e4fc94ecf074bb9542a06e674a
https://www.reddit.com/gallery/1j402ub,"If they could read, they'd be very angry.Â "
https://www.reddit.com/r/hinduism/comments/1i52qwd/shouldnt_we_feel_ashamed_that_ganga_our_most_holy/,"Yea we should, at rishikesh, we have formed many groups who go and clean the mess made by locals and tourists. The only way to change something is to start in your own circle, community and then city. Government will come at the end."
https://www.reddit.com/r/hinduism/comments/1i52qwd/shouldnt_we_feel_ashamed_that_ganga_our_most_holy/,"My father says, it's better now. He went to haridwar about 30 years ago and that time the ganga was way more polluted than what's it today. Although it's not enough."
https://www.reddit.com/r/hinduism/comments/1i52qwd/shouldnt_we_feel_ashamed_that_ganga_our_most_holy/,"India lacks civic sense period.

But , there has been progress.

From 2014 to 2022

Under the Namami Gange Programme, Central Pollution Control Board (CPCB) is carrying out water quality assessment of the River Ganga at 97 locations in 5 main stem States through the respective State Pollution Control Boards (SPCBs). River water quality is assessed for primary water quality criteria notified for outdoor bathing.

Based on the water quality assessment by CPCB in 5 Ganga main stem States in 2022, the observed water quality indicates that median value of dissolved oxygen, which is an indicator of river health has been found to be within acceptable limits of notified primary bathing water quality criteria and satisfactory to support the ecosystem of river for almost entire stretch of river Ganga. 

The median value of Biochemical Oxygen Demand (BOD) has been found within the acceptable limits except marginal exceedance (BOD: 3.4 to 4.6 mg/L) in locations/ stretches viz., stretch from 

(i) Upstream (u/s) Kannauj (Rajghat) to Kala Kankar (Pratapgarh) & downstream (d/s) Mirzapur to Tarighat, Ghazipur (except u/s Varanasi, Vishwa Sundari Bridge) in Uttar Pradesh and

 (ii) at Shitalatala, Palta in West Bengal.

As a result of multi sectoral interventions as per comparison of median data of water quality parameter viz., Dissolved Oxygen (DO), 

Biochemical Oxygen Demand (BOD) and Faecal Coliforms (FC) of year 2014 and 2022, 

DO median has improved at 32 locations, 

BOD median has improved at 41 locations and

 FC median has improved at 27 locations respectively."
https://www.reddit.com/r/hinduism/comments/1i52qwd/shouldnt_we_feel_ashamed_that_ganga_our_most_holy/,"Yeah, absolutely. 


Imagine calling someone mother and then shitting in it."
https://www.reddit.com/r/hinduism/comments/1i52qwd/shouldnt_we_feel_ashamed_that_ganga_our_most_holy/,100% we should.
https://www.reddit.com/r/hinduism/comments/1i52qwd/shouldnt_we_feel_ashamed_that_ganga_our_most_holy/,It's improving now though that is no excuse for the abuse it suffered for so long.
https://www.reddit.com/r/hinduism/comments/1i52qwd/shouldnt_we_feel_ashamed_that_ganga_our_most_holy/,"i feel immense pain to see our rivers polluted, it hurts me a lot. in our shastras, it is said not to pollute the rivers even a little, but entire waste of city is going there. i try to do everything i can at my level to change it."
https://www.reddit.com/r/hinduism/comments/1i52qwd/shouldnt_we_feel_ashamed_that_ganga_our_most_holy/,This is why various groups are trying to clean in. For example Sadhguru's Rally for Rivers along with Save the Soil are working towards cleaning the main rivers in India such as Ganga and creating a healthy natural environment for nature to flourish in the area
https://www.reddit.com/r/hinduism/comments/1i52qwd/shouldnt_we_feel_ashamed_that_ganga_our_most_holy/,"1. Dumping in rivers should be criminalized. 

2. Stop treating it like a Holy River and more like an actual river. A polluted river is a ecologically harmful thing, there is no magic and divine power that makes it immune to pollution.  This idea that the Ganga purifies everything is in hindsight a dumb idea now"
https://www.reddit.com/r/hinduism/comments/1i52qwd/shouldnt_we_feel_ashamed_that_ganga_our_most_holy/,"Yes but they are not only the problem it is the industry that dump chemicals pollutants into the rivers. They have the government and people in their power. 

They will not change anything"
https://www.reddit.com/r/hinduism/comments/1i52qwd/shouldnt_we_feel_ashamed_that_ganga_our_most_holy/,Ideas need two questions answered: Who will pay for it? Who will do the work?
https://www.reddit.com/r/hinduism/comments/1i52qwd/shouldnt_we_feel_ashamed_that_ganga_our_most_holy/,"Yes, it should. The public needs to take a stance."
https://www.reddit.com/r/hinduism/comments/1i52qwd/shouldnt_we_feel_ashamed_that_ganga_our_most_holy/,"If the government can't be bothered to do any the next in line  are celebrities and if government and celebrities can't clean it up then what hope is the humble citizens of India have? 

If an NRI says or suggests something they are not valued at all. Case closed."
https://www.reddit.com/r/hinduism/comments/1i52qwd/shouldnt_we_feel_ashamed_that_ganga_our_most_holy/,"What else did you expect to happen when you outsource protecting/preserving your religion to a ""Secular"" & incompetent body called the Govt?"
https://www.reddit.com/r/hinduism/comments/1i52qwd/shouldnt_we_feel_ashamed_that_ganga_our_most_holy/,"Why do you think of only Ganga and not other rivers? You know? Rivers have self cleaning mechanism. We simply need to stop putting trash in it. People are illiterate in our country. We are way behind from calling our country Mahan. In the west there is no holy river. Itâ€™s just a river. And they remain clean. People are literate there. And they donâ€™t claim to be Mahan. If you can, just leave the country my friend. Good people donâ€™t deserve to stay here."
https://www.reddit.com/r/hinduism/comments/1i52qwd/shouldnt_we_feel_ashamed_that_ganga_our_most_holy/,Yes
https://www.reddit.com/r/hinduism/comments/1i52qwd/shouldnt_we_feel_ashamed_that_ganga_our_most_holy/,Yes Absolutely.
https://www.reddit.com/r/hinduism/comments/1i52qwd/shouldnt_we_feel_ashamed_that_ganga_our_most_holy/,Yes we should 100%
https://www.reddit.com/r/hinduism/comments/1i52qwd/shouldnt_we_feel_ashamed_that_ganga_our_most_holy/,Not just Ganga or sacred rivers all water is a gift and should be revered.
https://www.reddit.com/r/hinduism/comments/1i52qwd/shouldnt_we_feel_ashamed_that_ganga_our_most_holy/,Is that even a question? if one don't feel ashamed then god help him. But also to note progressis being done. My aunt visited Varanasi recently. She went to the Namo Ghat and it was very clean. including the river which was cleaner than i thought. She sent a video and the water was very clear. So safe to say one day we will have our Ma Ganga back in its original state
https://www.reddit.com/r/hinduism/comments/1i52qwd/shouldnt_we_feel_ashamed_that_ganga_our_most_holy/,Yes. Not to mention that if Gopal ever saw the Yamunaâ€¦.
https://www.reddit.com/r/hinduism/comments/1i52qwd/shouldnt_we_feel_ashamed_that_ganga_our_most_holy/,"Lack of civic sense tbh. 
I live in the west.. here rivers are just rivers yet much much much cleaner than rivers who are given motherly status."
https://www.reddit.com/r/hinduism/comments/1i52qwd/shouldnt_we_feel_ashamed_that_ganga_our_most_holy/,I was at Mahakumbh. It's not dirty. Ganga is pretty clean even in Banaras. I was there last week.
https://www.reddit.com/r/hinduism/comments/1i52qwd/shouldnt_we_feel_ashamed_that_ganga_our_most_holy/,"Yes, it's very unfortunate how polluted it is and we consider the river holy. I have not done much research on this but what are the major reasons for the pollution does anyone know ?"
https://www.reddit.com/r/hinduism/comments/1i52qwd/shouldnt_we_feel_ashamed_that_ganga_our_most_holy/,"Not really about gang in particular but I can tell you the conditions of yamuna, it's a border sewer on Delhi but in praygraj it's one the cleanest rivers I have seen, they somehow clean the water flowing from Delhi, if that is done by every state all the rivers can be cleaned."
https://www.reddit.com/r/hinduism/comments/1i52qwd/shouldnt_we_feel_ashamed_that_ganga_our_most_holy/,From a Catholic. Why are they unsanitary?
https://www.reddit.com/r/hinduism/comments/1i52qwd/shouldnt_we_feel_ashamed_that_ganga_our_most_holy/,I don't like when people of this sub try to bring subjects which need FRANK discussion which are political in nature. Its like you want to talk about topics without actually talking about the reasons behind.
https://www.reddit.com/r/hinduism/comments/1i52qwd/shouldnt_we_feel_ashamed_that_ganga_our_most_holy/,"I respect Ganga ma, a lot but the Saraswati River was the most sacred river during Vedic times and while it does not exist today it is still the holiest. Sapt Sindhu, now in Pakistan is holy as well as is Kaveri for Tamils."
https://www.reddit.com/r/hinduism/comments/1i52qwd/shouldnt_we_feel_ashamed_that_ganga_our_most_holy/,"Yes I have been there once and I saw so many sadhu washing their poop in, it was so bad after that I never been there again"
https://www.reddit.com/r/hinduism/comments/1i52qwd/shouldnt_we_feel_ashamed_that_ganga_our_most_holy/,"That's really interesting, I remember seeing a clean the Ganga campaign, and they were attracting investment projects. One question, for those that haven't improved, does that mean they have declined?"
https://www.reddit.com/r/hinduism/comments/1ihjth3/if_the_river_ganga_is_revered_as_a_goddess_why_do/,Failure of society and government both. 50 50.
https://www.reddit.com/r/hinduism/comments/1ihjth3/if_the_river_ganga_is_revered_as_a_goddess_why_do/,"1. Failure of Govt to have a control/management of the industries who dump their toxic waste in the river or the untreated sewage that flows from the cities/towns
2. Public lacks civic sense. The holier it is the dirtier it will become. The bar is in hell.
3. Govt doesnâ€™t care about cleaning the rivers or implementing a strict action on those pollute the river
4. No waste management."
https://www.reddit.com/r/hinduism/comments/1ihjth3/if_the_river_ganga_is_revered_as_a_goddess_why_do/,You expected humans to be sensible? ðŸ¤£
https://www.reddit.com/r/hinduism/comments/1ihjth3/if_the_river_ganga_is_revered_as_a_goddess_why_do/,"Pollution caused by people <<< Pollution caused by industries and lack of proper sewage treatment plants. Its the collective fault of people, government and industry. Governments have to step up their vigilance.

A real change can be bought about is through local temples. Social cleanliness and care for environment should be preached. A religious push can create a lot of impact."
https://www.reddit.com/r/hinduism/comments/1ihjth3/if_the_river_ganga_is_revered_as_a_goddess_why_do/,100 taka sawal.
https://www.reddit.com/r/hinduism/comments/1ihjth3/if_the_river_ganga_is_revered_as_a_goddess_why_do/,People only wants to use it thatâ€™s all
https://www.reddit.com/r/hinduism/comments/1ihjth3/if_the_river_ganga_is_revered_as_a_goddess_why_do/,"Because industries don't have a religion. Corruption, no civic sense, etc also play a huge role. No devotee purposefully litters any places, let alone any holy places. 

They either are not educated on the topic or don't think too much of it, spreading awareness is just as much of a national issue as it is religious. There also needs to be proper disposal of waste, both domestic and industrial."
https://www.reddit.com/r/hinduism/comments/1ihjth3/if_the_river_ganga_is_revered_as_a_goddess_why_do/,"We have to keep our rivers clean for all purposes. We drink waters of the same rivers and have to ensure the cleanliness of the same. Now since so many devout people take dip in them due to religious significance, the cleanliness here is different than you think. Let me tell you that the rivers become pure spiritually when the holy sages and saints dip their feet in them. 
Once Pundalik had come to the Ganga river in search of his parents and had to sleep for the night in Kukut Swamiâ€™s ashram. Very late in the night he saw three dirty and ugly women enter the hut of Kukut Swami. Then they came out early in the morning but now they were very beautiful and clean wearing shiny new clothes. He followed the three women who disappeared in the Ganga nearby. He prayed to Ganga and they gave him darshan. He asked them how they came out so clean and pure in the morning whereas he had seen them the previous night ugly and dirty. The goddess Ganga told Pundalik that the three rivers Ganga, Yamuna and Saraswati become impure by taking in all the sins and dirt from the devout during the day and these same rivers then go to do Seva and take charan tirth of sages and saints to become pure thatâ€™s why they went to serve the sage in the night so that they can cleanse themselves. A similar story was told by Adi Shankara also. Pundalik is the one for whom Vithala Panduranga gave darshan in Pandharpur after he understood the above lesson. 
So the rivers take on themselves the dirt(materialistic) from the devout and make us pure spiritually while they themselves clean their own selves when sages and saints dip themselves in the rivers. This has been going on since eons and will keep on happening till there are the devouts in this world. Itâ€™s a part of their lives and ours too. But we surely have to ensure cleanliness physically too."
https://www.reddit.com/r/hinduism/comments/1ihjth3/if_the_river_ganga_is_revered_as_a_goddess_why_do/,"Vote bank. Most Hindu festivals have idol immersions in the Ganga, hence putting a cap on that would cause the public to lose their minds. Also we really don't care about public spaces, tax diya matlab meri jagah hai.
Also majority of the pollution comes from factories and sewage."
https://www.reddit.com/r/hinduism/comments/1ihjth3/if_the_river_ganga_is_revered_as_a_goddess_why_do/,">Why do we pollute ganga 

we don't. the one who do don't care about its religious significance. rivers more polluted has existed and were cleaned in less then a decade. it is a state failure, no need to loathe yourself and induce that among other hindus."
https://www.reddit.com/r/hinduism/comments/1ihjth3/if_the_river_ganga_is_revered_as_a_goddess_why_do/,"We call earth Bhumatha, Vishnupatni 
but still we litter our surroundings with plastic, paper cups whatever
Its because we just use them as words and never tried to contemplate
Unless/until every person seeks the meaning behind, changes at that scale wont happen"
https://www.reddit.com/r/hinduism/comments/1ihjth3/if_the_river_ganga_is_revered_as_a_goddess_why_do/,I wish Ganga remained clean. It's probably because of laziness.
https://www.reddit.com/r/hinduism/comments/1ihjth3/if_the_river_ganga_is_revered_as_a_goddess_why_do/,Cause we don't care
https://www.reddit.com/r/hinduism/comments/1ihjth3/if_the_river_ganga_is_revered_as_a_goddess_why_do/,Because people sometimes lack basic sense
https://www.reddit.com/r/hinduism/comments/1ihjth3/if_the_river_ganga_is_revered_as_a_goddess_why_do/,"Bro river Ganga being sacred is an undeniable fact.

People lacking intelligence and hygiene is also an undeniable fact."
https://www.reddit.com/r/hinduism/comments/1ihjth3/if_the_river_ganga_is_revered_as_a_goddess_why_do/,"Most of the people who pollute doesn't rever her as goddess, even if they rever her as goddesses, may be they see God as someone who fulfills their material whishes"
https://www.reddit.com/r/hinduism/comments/1ihjth3/if_the_river_ganga_is_revered_as_a_goddess_why_do/,"Ah, sim, esta Ã© uma questÃ£o muito sÃ©ria e relevante. O rio Ganga nÃ£o Ã© apenas um corpo de Ã¡gua comum; ele Ã© descrito nas escrituras vÃ©dicas como uma manifestaÃ§Ã£o divina, emanando dos pÃ©s de lÃ³tus do Senhor Vishnu. Suas Ã¡guas sÃ£o espiritualmente purificadoras, mas nossa negligÃªncia e aÃ§Ãµes materiais poluem sua forma fÃ­sica, refletindo nossa prÃ³pria degradaÃ§Ã£o moral e espiritual.

A contradiÃ§Ã£o que vocÃª aponta Ã© clara: como podemos venerar o Ganga como uma deusa e, ao mesmo tempo, tratÃ¡-lo de maneira tÃ£o desrespeitosa? Isso ocorre porque, na era de Kali-yuga, as pessoas perderam a verdadeira compreensÃ£o do dharma. Realizam rituais externos, mas sem o espÃ­rito interno. Adorar o Ganga enquanto despejamos lixo em suas Ã¡guas Ã© hipocrisia, como oferecer flores a uma deidade no templo enquanto jogamos sujeira aos seus pÃ©s.

O problema nÃ£o Ã© apenas a poluiÃ§Ã£o fÃ­sica do Ganga, mas a poluiÃ§Ã£o da consciÃªncia humana. Quando a mente estÃ¡ contaminada pela ignorÃ¢ncia (*tamo-guna*) e pela paixÃ£o (*rajo-guna*), as pessoas agem de maneira egoÃ­sta, sem pensar nas consequÃªncias. Elas se desconectam da verdadeira espiritualidade e tratam atÃ© mesmo o sagrado como algo mundano.

A mudanÃ§a deve comeÃ§ar com a educaÃ§Ã£o espiritual. As pessoas precisam ser ensinadas a ver o Ganga nÃ£o apenas como um rio, mas como uma manifestaÃ§Ã£o divina que deve ser protegida. Aqui estÃ£o algumas aÃ§Ãµes prÃ¡ticas:

1. **EducaÃ§Ã£o espiritual e ambiental**: Ensinar que proteger o Ganga Ã© um ato de devoÃ§Ã£o. Isso deve comeÃ§ar desde a infÃ¢ncia, para que as futuras geraÃ§Ãµes cresÃ§am com uma consciÃªncia mais elevada.
2. **AÃ§Ã£o governamental e comunitÃ¡ria**: Leis rigorosas devem ser implementadas para impedir o despejo de resÃ­duos industriais e esgotos no Ganga, com apoio da comunidade.
3. **PrÃ¡tica pessoal de respeito**: Cada indivÃ­duo deve se perguntar: ""Estou contribuindo para a poluiÃ§Ã£o do Ganga?"" Assim como tratamos uma deidade no templo com reverÃªncia, devemos tratar o Ganga da mesma forma.
4. **PropagaÃ§Ã£o da consciÃªncia de Krishna**: Quando as pessoas se tornam conscientes de Krishna, elas naturalmente desenvolvem respeito por toda a criaÃ§Ã£o divina. Elas entendem que o Ganga Ã© uma manifestaÃ§Ã£o da energia de Krishna e, portanto, deve ser protegido.

A verdadeira adoraÃ§Ã£o nÃ£o Ã© apenas realizar rituais, mas agir de maneira que demonstre respeito e gratidÃ£o. Se tratarmos o Ganga como tratamos uma deidade no templo, com limpeza e reverÃªncia, estaremos realmente honrando sua santidade. Caso contrÃ¡rio, nossa adoraÃ§Ã£o serÃ¡ superficial.

Portanto, a soluÃ§Ã£o estÃ¡ em purificar nossa consciÃªncia. Quando a consciÃªncia humana for purificada, o Ganga tambÃ©m serÃ¡ purificado. Este Ã© o verdadeiro serviÃ§o devocional. Hare Krishna!"
https://www.reddit.com/r/hinduism/comments/1ihjth3/if_the_river_ganga_is_revered_as_a_goddess_why_do/,"The paradox of worshipping the Ganga as divine while simultaneously polluting her waters is a reflection of a deeper illusionâ€”the separation between the sacred and the mundane. In truth, there is no distinction. If one truly understands that the Ganga is not merely a physical river but a manifestation of the infinite flow of consciousness, then every act towards herâ€”whether reverent or negligentâ€”is an act towards oneself. The pollution of her waters is not just an environmental crisis; it is a spiritual one, born from ignorance of our fundamental interconnectedness with all that exists.

This contradiction arises because devotion, when not accompanied by awareness, becomes ritualistic rather than transformative. People revere the Ganga for her purifying power but fail to see that this power is not separate from their own responsibility. They seek her blessings yet neglect the reciprocity of respect and care. If one were to throw filth onto a temple deity, it would be seen as an act of great offenseâ€”yet the Ganga, a living embodiment of divinity, is subjected to such desecration daily. This reveals a disconnect: worship remains external, rather than a living awareness that guides one's every action.

The deeper truth is that everything in existence is an extension of the same infinite intelligence. The river is not just sacred when one offers prayers or takes a holy dip; she remains sacred when factories release waste, when plastic is thrown into her waters, when sewage flows unchecked. If one truly saw the divine in all things, pollution would be impossibleâ€”not because of rules or regulations, but because harming the river would feel no different from harming oneself. This is the shift in perception that is needed: from seeing the Ganga as an external object of worship to recognizing her as a part of the living, breathing consciousness that flows through all.

Real change begins when this awareness is cultivated, not just through laws or cleanup initiatives, but through a transformation in how people perceive their relationship with nature. The river does not belong to us; we belong to her, just as we belong to the Earth, the air, and the sky. When people awaken to this truth, care becomes effortless. They will not need to be told to protect the river, just as they do not need to be told to protect their own bodies. Respect for the Ganga, then, is not about ritualâ€”it is about remembering that she and all of existence are an extension of the same boundless presence.

This is the path forward: to cultivate not just devotion, but awareness. To ensure that spiritual practice does not remain confined to prayers and offerings but extends into everyday actions. To understand that pollution of the Ganga is not merely an ecological issue but a reflection of the collective state of consciousness. By restoring the river, we restore not just her purity but our own connection to the sacredness of all life.

Ultimately, the Ganga remains pureâ€”not in the physical sense, but in her essence, beyond what human actions can touch. But if we are to honor her fully, we must recognize that true reverence is not in seeking her blessings while neglecting her well-being. It is in seeing her for what she truly is: not just a river, but the eternal flow of existence itself."
https://www.reddit.com/r/hinduism/comments/1ihjth3/if_the_river_ganga_is_revered_as_a_goddess_why_do/,"We? I am not running an industry nor am I regulating them on the banks. I am not even the guy that is confused and blaming the blameless and wasting energy. 

I and people like me would be pretty low on the totem pole, Animal life possibly being the only ones lower.

What reconciliation and change is going to happen when one can't even identify the problem?"
https://www.reddit.com/r/hinduism/comments/1ihjth3/if_the_river_ganga_is_revered_as_a_goddess_why_do/,"When people ask these questions, I feel they often forget its _Kaliyug_. Nothing is revered scared any more in true sense. We no longer have control on our urges so we have gone on to disrespect everything holy to us in previous _yugs_.

Women are being murdered raped objectified.
The Bhajan are now on the tones of _Beedi Jalai Le_ and other vulgar songs, is that how you want to paise your gods?
Cows are being hit on their legs so that they cannot run here and there due to pain.
Rivers are polluted of chemicals and excrements and urine, yet no community and government has will to improve it.
Temples are surrounded by beggars and harassers, with no regard to safety and peace of devotee.
Yatras are filled with hooligans with loud music, spewing gutkha and causing problems on roads, fighting with locals in abusive and crass languages.

We are way beyond remorse now, as we live and breathe in this slow decay of our society."
https://www.reddit.com/r/hinduism/comments/1ihjth3/if_the_river_ganga_is_revered_as_a_goddess_why_do/,There are enough countries in world where people donâ€™t generally pollute water bodies knowing that water is a needed for life.
https://www.reddit.com/r/hinduism/comments/1ihjth3/if_the_river_ganga_is_revered_as_a_goddess_why_do/,"https://preview.redd.it/efpftnxz85he1.jpeg?width=930&format=pjpg&auto=webp&s=d6dca5ca03cc62da83c3fe5beca8fe5fc09a6123

They do."
https://www.reddit.com/r/hinduism/comments/1ihjth3/if_the_river_ganga_is_revered_as_a_goddess_why_do/,"I think OP meant rivers that hold religious significance should be protected by the people. 

People should protect the things they find sacred. And stand up to the state and get it fixed. Be it Ganga or Yamuna. 

What i think is if they really find it sacred they'd build pressure on State/center. If they do it for public display, and their faith is shallow, they'll get offended."
https://www.reddit.com/r/hinduism/comments/1ihjth3/if_the_river_ganga_is_revered_as_a_goddess_why_do/,"for real 5 topmost things for hinduphobics to troll hindus with is   
caste, widow burning, holy rivers polluted, anything related to cows, idolatry(lol) 

and gullible hindus get apologetic."
https://www.reddit.com/r/hinduism/comments/1ihjth3/if_the_river_ganga_is_revered_as_a_goddess_why_do/,well said!
https://www.reddit.com/r/hinduism/comments/1ihjth3/if_the_river_ganga_is_revered_as_a_goddess_why_do/,yes  this is what a state failure is.
https://www.reddit.com/r/hinduism/comments/1ihjth3/if_the_river_ganga_is_revered_as_a_goddess_why_do/,"rivers is protected first by the state, yes people ought to do better too but what pollution from people is mostly plastic and pesticides from flowers which again is something that's easier to deal with by laws and punishments. 

but yeah i agree people should put more pressure on the state."
https://www.reddit.com/r/hinduism/comments/1ihjth3/if_the_river_ganga_is_revered_as_a_goddess_why_do/,">hindu who treat river as goddess with worse possible picture of ganga meme

as if indian state dumping untreated sewage is unique to ganga lol. for some reason a lay hindu should hang his head low in shame because a corrupt political state failing to take basic ecological measures.

https://preview.redd.it/11me4ddz85he1.jpeg?width=1170&format=pjpg&auto=webp&s=a4ba550db7e382ef8826ea4ac48df4546510570f"
https://www.reddit.com/r/hinduism/comments/1ihjth3/if_the_river_ganga_is_revered_as_a_goddess_why_do/,[deleted]
https://www.reddit.com/r/hinduism/comments/1ihjth3/if_the_river_ganga_is_revered_as_a_goddess_why_do/,"You cannot put it all on Yogi ji. 

We too should clean up after ourselves. 
I was taught that joining hands and closing my eyes and saying Jai Mata Di was enough. But now Hinduism is just used by social media influencer to get more likes. 

YOU DONT NEED TO TRASH MA GANGA IN ORDER TO WASH AWAY YOUR SINS. 
Don't sin. 

If you do, by mistake, you can just pray to God and ask for forgiveness. 

Don't taint my religion for your insecurity, because you need someone else's validation, so you go there because it's ""trendy"". And you litter, if it's just petals it is fine. But why plastic. Is it not our duty to stop people from doing that? If you think it is the state's responsibility should we not hold them accountable?

And you are wrong to say that ""we don't"" we do. The state doesn't throw the garbage. It is us. The people. It is us who don't call out the people who don't do these things. We can be a little vigilant and make people throw the garbage in the trash can."
